[
  {
    "id": 1768528454246,
    "title": "travel",
    "questions": [
      {
        "id": 1,
        "text": "What is the correct way to introduce yourself?",
        "options": [
          "Hi, I am John.",
          "Hello, I am John.",
          "Good morning, I am John.",
          "All of the above"
        ],
        "answer": "Hello, I am John."
      },
      {
        "id": 2,
        "text": "Which word is a noun?",
        "options": [
          "Run",
          "Beautiful",
          "Cat",
          "Quickly"
        ],
        "answer": "Cat"
      },
      {
        "id": 3,
        "text": "How do you ask someone's name?",
        "options": [
          "What is your name?",
          "How old are you?",
          "Where are you from?",
          "What do you do?"
        ],
        "answer": "What is your name?"
      },
      {
        "id": 4,
        "text": "Choose the correct plural of 'child'.",
        "options": [
          "childs",
          "childes",
          "children",
          "child"
        ],
        "answer": "children"
      },
      {
        "id": 5,
        "text": "Which sentence is in present simple tense?",
        "options": [
          "I am eating.",
          "She runs every morning.",
          "They will go.",
          "We have been."
        ],
        "answer": "She runs every morning."
      }
    ],
    "assignedTo": "All Students",
    "active": true,
    "createdAt": "2026-01-16T01:54:14.246Z"
  }
]