[
  {
    "username": "berfin",
    "level": "Beginner",
    "xp": 0,
    "createdAt": "2026-01-15T15:35:43.958Z"
  },
  {
    "username": "ezgi",
    "level": "Beginner",
    "xp": 0,
    "createdAt": "2026-01-15T21:50:44.659Z",
    "lastLogin": "2026-01-16T02:03:34.117Z"
  },
  {
    "username": "abdulkerimkalfaoglu@gmail.com",
    "level": "Beginner A1",
    "xp": 0,
    "streak": 0,
    "totalHours": 0,
    "quizAccuracy": 0,
    "lastLogin": "2026-01-16T00:26:30.688Z",
    "skills": {
      "grammar": 30,
      "vocabulary": 25,
      "writing": 20,
      "listening": 15
    },
    "weakAreas": [],
    "createdAt": "2026-01-16T00:26:30.688Z"
  },
  {
    "username": "ece",
    "level": "Beginner A1",
    "xp": 15,
    "streak": 0,
    "totalHours": 0.06,
    "quizAccuracy": 0,
    "lastLogin": "2026-01-16T02:16:47.323Z",
    "skills": {
      "grammar": 31.5,
      "vocabulary": 25,
      "writing": 20,
      "listening": 15
    },
    "weakAreas": [],
    "createdAt": "2026-01-16T00:35:39.970Z"
  },
  {
    "username": "ed",
    "level": "Beginner A1",
    "xp": 18,
    "streak": 0,
    "totalHours": 0.25,
    "quizAccuracy": 0,
    "lastLogin": "2026-01-16T01:37:13.435Z",
    "skills": {
      "grammar": 30,
      "vocabulary": 25.5,
      "writing": 21.76,
      "listening": 15
    },
    "weakAreas": [],
    "createdAt": "2026-01-16T01:37:13.435Z"
  },
  {
    "username": "e",
    "level": "Beginner A1",
    "xp": 5,
    "streak": 0,
    "totalHours": 0.02,
    "quizAccuracy": 0,
    "lastLogin": "2026-01-16T02:01:58.871Z",
    "skills": {
      "grammar": 30.5,
      "vocabulary": 25,
      "writing": 20,
      "listening": 15
    },
    "weakAreas": [],
    "createdAt": "2026-01-16T02:00:30.970Z"
  },
  {
    "username": "admin",
    "level": "Beginner A1",
    "xp": 45,
    "streak": 0,
    "totalHours": 0.12000000000000001,
    "quizAccuracy": 80,
    "lastLogin": "2026-01-16T02:14:24.072Z",
    "skills": {
      "grammar": 32.5,
      "vocabulary": 26.6,
      "writing": 20,
      "listening": 15
    },
    "weakAreas": [],
    "createdAt": "2026-01-16T02:04:42.804Z"
  }
]